{
    "last_switch_time": 1769471221.555918,
    "graveyard": {
        "ETH-USD_UM-SWAP/2Z-USDT-SWAP": 1769471221.5529168
    },
    "consecutive_losses": 0
}