{
    "last_switch_time": 1769543417.1945212,
    "graveyard": {
        "ETH-USD_UM-SWAP/2Z-USDT-SWAP": 1769471221.5529168,
        "ETH-USD_UM-SWAP/KSM-USDT-SWAP": 1769514538.0747337,
        "CHZ-USDT-SWAP/IOTA-USDT-SWAP": 1769514545.7711153,
        "SKY-USDT-SWAP/XTZ-USDT-SWAP": 1769514553.373348,
        "XPL-USDT-SWAP/ZIL-USDT-SWAP": 1769516206.7653866,
        "SKY-USDT-SWAP/SPK-USDT-SWAP": 1769523402.4360719,
        "SKY-USDT-SWAP/ZETA-USDT-SWAP": 1769524258.407808,
        "XPL-USDT-SWAP/NEWT-USDC-SWAP": 1769524265.9218976,
        "XTZ-USDT-SWAP/YB-USDT-SWAP": 1769524273.5701787,
        "XTZ-USDT-SWAP/YGG-USDT-SWAP": 1769524281.1304724,
        "XTZ-USDT-SWAP/ZETA-USDT-SWAP": 1769524288.6736028,
        "XTZ-USDT-SWAP/NEWT-USDC-SWAP": 1769524296.2201738,
        "YFI-USDT-SWAP/YGG-USDT-SWAP": 1769524303.9339793,
        "YFI-USDT-SWAP/ZETA-USDT-SWAP": 1769524621.2847931,
        "YFI-USDT-SWAP/ZIL-USDT-SWAP": 1769534409.2151878,
        "YFI-USDT-SWAP/NEWT-USDC-SWAP": 1769535233.8003747,
        "YGG-USDT-SWAP/ZETA-USDT-SWAP": 1769535241.3226395,
        "YGG-USDT-SWAP/ZIL-USDT-SWAP": 1769536561.805821,
        "YGG-USDT-SWAP/NEWT-USDC-SWAP": 1769536569.5043757,
        "BTC-USD-SWAP/AVAX-USD-SWAP": 1769536577.3469093,
        "BTC-USD-SWAP/ETC-USD-SWAP": 1769538821.0933645,
        "SOL-USD-SWAP/SOL-USDT-SWAP": 1769540162.2776868,
        "SOL-USD-SWAP/1INCH-USDT-SWAP": 1769541792.0289354,
        "SOL-USD-SWAP/ALGO-USDT-SWAP": 1769541801.1277943,
        "SOL-USD-SWAP/ARB-USDT-SWAP": 1769541810.3835816,
        "SOL-USD-SWAP/ATOM-USDT-SWAP": 1769542080.8580003,
        "SOL-USD-SWAP/BRETT-USDT-SWAP": 1769542089.345586,
        "SOL-USD-SWAP/CHZ-USDT-SWAP": 1769542097.9010382,
        "SOL-USD-SWAP/ENA-USDT-SWAP": 1769542214.6523194,
        "SOL-USD-SWAP/ETC-USDT-SWAP": 1769542324.3530543,
        "SOL-USD-SWAP/HBAR-USDT-SWAP": 1769542333.189662,
        "SOL-USD-SWAP/ICP-USDT-SWAP": 1769542361.157168,
        "SOL-USD-SWAP/INJ-USDT-SWAP": 1769542369.7568917,
        "SOL-USD-SWAP/IOTA-USDT-SWAP": 1769542656.3004303,
        "TON-USDT-SWAP/YB-USDT-SWAP": 1769543416.697309
    },
    "consecutive_losses": 0,
    "last_health_score": 35,
    "price_fetch_failures": 0,
    "entry_z_score": null,
    "entry_time": null,
    "persistence_history": [],
    "z_history": [],
    "last_exit_time": 1769547535.1408167,
    "last_switch_reason": "orderbook_dead",
    "min_capital_cooldowns": {},
    "stall_warning_marks": []
}