{
  "version": 1,
  "mode": "shadow",
  "current_regime": "RISK_OFF",
  "candidate_regime": "RISK_OFF",
  "confidence": 0.7799999999999999,
  "since_ts": 1771140099.7442274,
  "pending_candidate": "",
  "pending_count": 0,
  "reason_codes": [
    "thin_liquidity",
    "pnl_fallback"
  ],
  "diagnostics": {
    "market_samples": 100,
    "trend_raw": -0.3359933489504511,
    "trend_strength": 0.3359933489504511,
    "trend_direction": -1,
    "atr14": 80.62857142857163,
    "norm_atr": 0.0011515192443879278,
    "vol_percentile": 0.26436781609195403,
    "vol_expansion": 0.03243848351351564,
    "vol_shock": false,
    "liq_label_long": "high",
    "liq_label_short": "low",
    "liq_depth_long": 68498.171,
    "liq_depth_short": 231946.5848,
    "liq_depth_ratio_long": 68.498171,
    "liq_depth_ratio_short": 231.9465848,
    "liq_depth_ratio_min": 68.498171,
    "liq_thin": true,
    "coint_flag": 1,
    "orderbook_dead": false,
    "pnl_fallback_active": true,
    "session_drawdown_pct": -0.22316687870091134,
    "hold_seconds": 853.8177447319031
  },
  "last_eval_ts": 1771140953.5619721,
  "updated_ts": 1771140955.0984573
}