sym_1,sym_2,p_value,adf_stat,c_value,hedge_ratio,zero_crossing,min_capital_1,min_capital_2,min_capital_per_leg,min_equity_recommended
AXS-USDT-SWAP,ICP-USDT-SWAP,2.7615095667787374e-05,-5.4058682813926335,-3.3403793686498564,0.7763592771868635,5,2.6033,0.32280000000000003,2.6033,5.2066
SUI-USDT-SWAP,XLM-USDT-SWAP,4.428880828087364e-08,-6.697029246255582,-3.340382325997512,-0.3014094952668058,5,1.40786,0.0020856,1.40786,2.81572
AXS-USDT-SWAP,TON-USDT-SWAP,6.258099055433352e-07,-6.1896880946164305,-3.340382325997512,1.9465259057294992,1,2.6033,1.525,2.6033,5.2066
AXS-USDT-SWAP,DOT-USDT-SWAP,1.9480713852823524e-06,-5.963226448096965,-3.3403793686498564,1.266786489082722,1,2.6033,0.18530000000000002,2.6033,5.2066
